	precision	recall	f1-score	support
Switch	0.9605263157894737	0.9733333333333334	0.9668874172185431	75.0
Checkbox	0.9970149253731343	0.9823529411764705	0.9896296296296296	340.0
Card	0.9887850467289719	0.9851024208566108	0.9869402985074628	537.0
Icon	0.9931740614334471	0.9982847341337907	0.9957228400342173	1166.0
Button	0.9860248447204969	0.9860248447204969	0.9860248447204969	644.0
accuracy	0.9902244750181028	0.9902244750181028	0.9902244750181028	0.9902244750181028
macro avg	0.9851050388091048	0.9850196548441404	0.98504100602207	2762.0
weighted avg	0.9902400702519671	0.9902244750181028	0.9902210000520889	2762.0
