	precision	recall	f1-score	support
Switch	0.9855072463768116	0.9714285714285714	0.9784172661870504	70.0
Checkbox	0.9883720930232558	0.9883720930232558	0.9883720930232558	258.0
Card	0.9906976744186047	0.9953271028037384	0.9930069930069931	428.0
Icon	0.9945652173913043	0.9967320261437909	0.9956474428726877	918.0
Button	0.9943609022556391	0.9887850467289719	0.9915651358950327	535.0
accuracy	0.9927569035762789	0.9927569035762789	0.9927569035762789	0.9927569035762789
macro avg	0.990700626693123	0.9881289680256657	0.989401786197004	2209.0
weighted avg	0.9927560272383539	0.9927569035762789	0.9927514268452043	2209.0
